{"cameraMode":{"drawMode":0,"name":"Shaded","section":"Shading Mode"},"sceneLighting":true,"audioPlay":false,"sceneViewState":{"m_AlwaysRefresh":false,"showFog":true,"showSkybox":true,"showFlares":true,"showImageEffects":true,"showParticleSystems":true,"showVisualEffectGraphs":true,"m_FxEnabled":true},"in2DMode":false,"pivot":{"x":0.021656036376953126,"y":3.3533623218536379,"z":0.2537904977798462},"rotation":{"x":-0.001819769968278706,"y":0.9903627038002014,"z":-0.13785667717456819,"w":-0.013072073459625245},"size":3.1553330421447756,"orthographic":false}